{
  "src_image": "tmp/tss_samples_both/sample_00000/src_img.png",
  "trg_image": "tmp/tss_samples_both/sample_00000/trg_img.png",
  "flow": "tmp/test_translation_flow.npy",
  "flow_direction": "src_to_trg",
  "source_shape_hwc": [
    256,
    256,
    3
  ],
  "target_shape_hwc": [
    256,
    256,
    3
  ],
  "flow_shape_hw2": [
    256,
    256,
    2
  ],
  "mae_rgb_0_255": 44.61686325073242,
  "mse_rgb_0_255": 3437.0458984375,
  "rmse_rgb_0_255": 58.62632427875297,
  "psnr_db": 12.768950291074564,
  "valid_pixel_count": 61000,
  "valid_fraction": 0.9307861328125
}