{
  "source_bbox_xyxy": [
    22,
    70,
    489,
    327
  ],
  "target_bbox_xyxy": [
    24,
    99,
    492,
    289
  ],
  "flow_src_bbox_xyxy": [
    27,
    90,
    488,
    362
  ],
  "flow_trg_bbox_xyxy": [
    27,
    129,
    488,
    328
  ],
  "decode_zero_r": 0.52,
  "decode_zero_g": 0.58,
  "decode_scale_x": 60,
  "decode_scale_y": 20,
  "cycle_error_px": 15.495424270629883,
  "mae_rgb_0_255": 89.83141326904297,
  "rmse_rgb_0_255": 112.03291320800781,
  "psnr_db": 7.143891025855256,
  "valid_fraction": 0.39250946044921875,
  "valid_pixel_count": 102894
}