{
  "src_image": "sample_00001/src_img.png",
  "trg_image": "sample_00001/trg_img.png",
  "flow": "tmp/sample_00001_trg_flow.npy",
  "flow_direction": "trg_to_src",
  "source_shape_hwc": [
    256,
    256,
    3
  ],
  "target_shape_hwc": [
    256,
    256,
    3
  ],
  "flow_shape_hw2": [
    256,
    256,
    2
  ],
  "mae_rgb_0_255": 63.431480407714844,
  "mse_rgb_0_255": 6259.86376953125,
  "rmse_rgb_0_255": 79.11930086604184,
  "psnr_db": 10.165154789010305,
  "valid_pixel_count": 27371,
  "valid_fraction": 0.4176483154296875
}