{
  "src_image": "sample_00001/src_img.png",
  "trg_image": "sample_00001/trg_img.png",
  "flow": "tmp/sample_00001_src_flow.npy",
  "flow_direction": "src_to_trg",
  "source_shape_hwc": [
    256,
    256,
    3
  ],
  "target_shape_hwc": [
    256,
    256,
    3
  ],
  "flow_shape_hw2": [
    256,
    256,
    2
  ],
  "mae_rgb_0_255": 63.232784271240234,
  "mse_rgb_0_255": 6194.37890625,
  "rmse_rgb_0_255": 78.70437666515122,
  "psnr_db": 10.210825935151258,
  "valid_pixel_count": 27409,
  "valid_fraction": 0.4182281494140625
}